INSERT INTO CATEGORIAS VALUES ('CAT1','Acción');
INSERT INTO CATEGORIAS VALUES ('CAT2','Drama');


INSERT INTO DIRECTOR VALUES ('D001','Christopher Nolan','Británica',53);
INSERT INTO DIRECTOR VALUES ('D002','Pedro Almodóvar','Española',74);


INSERT INTO ACTORES VALUES ('A001','Leonardo DiCaprio','Estadounidense',49);
INSERT INTO ACTORES VALUES ('A002','Penélope Cruz','Española',49);


INSERT INTO USUARIO VALUES ('U001', TO_DATE('2023-01-15','YYYY-MM-DD'), 'juan@gmail.com');
INSERT INTO USUARIO VALUES ('U002', TO_DATE('2023-03-10','YYYY-MM-DD'), 'ana@gmail.com');

INSERT INTO PAISES VALUES ('P001','España','Español');
INSERT INTO PAISES VALUES ('P002','Estados Unidos','Inglés');


INSERT INTO SUSCRIPCION VALUES ('S001','Premium',15,'U001');
INSERT INTO SUSCRIPCION VALUES ('S002','Básica',8,'U002');


INSERT INTO PERFILES VALUES ('PR001','Juan Adulto',1234,30,'U001');
INSERT INTO PERFILES VALUES ('PR002','Juan Niño',4321,10,'U001');


INSERT INTO CONTENIDO VALUES
('CONT1','Inception','Sueños dentro de sueños',
 TO_DATE('2010','YYYY'),'Película','D001');

INSERT INTO CONTENIDO VALUES
('CONT2','Dolor y Gloria','Drama autobiográfico',
 TO_DATE('2019','YYYY'),'Película','D002');


INSERT INTO GUARDAN VALUES ('CONT1','PR001');
INSERT INTO GUARDAN VALUES ('CONT2','PR002');


INSERT INTO ACTUA VALUES ('CONT1','A001');
INSERT INTO ACTUA VALUES ('CONT2','A002');


INSERT INTO VISUALIZA VALUES ('CONT1','P002');
INSERT INTO VISUALIZA VALUES ('CONT2','P001');



INSERT INTO PERTENECE VALUES ('CONT1','CAT1');
INSERT INTO PERTENECE VALUES ('CONT2','CAT2');



